,season,date,league_id,league,team1,team2,spi1,spi2,prob1,prob2,probtie,proj_score1,proj_score2,importance1,importance2,score1,score2,xg1,xg2,nsxg1,nsxg2,adj_score1,adj_score2
44667,2021,2021-08-13,2411,Barclays Premier League,Brentford,Arsenal,62.47,80.58,0.224,0.5209,0.2552,0.96,1.61,39.2,44.5,2.0,0.0,1.41,1.23,0.87,2.28,2.03,0.0
44683,2021,2021-08-14,2411,Barclays Premier League,Manchester United,Leeds United,85.22,71.9,0.6282,0.1622,0.2096,2.06,0.94,58.5,28.8,5.0,1.0,1.42,0.66,0.91,0.76,5.25,1.05
44694,2021,2021-08-14,2411,Barclays Premier League,Everton,Southampton,72.75,66.29,0.4789,0.2624,0.2587,1.56,1.08,22.4,30.2,3.0,1.0,2.38,0.62,1.35,1.07,2.87,1.05
44700,2021,2021-08-14,2411,Barclays Premier League,Leicester City,Wolverhampton,77.57,70.14,0.5333,0.2155,0.2512,1.65,0.95,39.1,21.5,1.0,0.0,0.65,1.31,0.85,1.75,1.05,0.0
44701,2021,2021-08-14,2411,Barclays Premier League,Chelsea,Crystal Palace,88.33,62.22,0.7531,0.0769,0.17,2.23,0.55,57.3,37.4,3.0,0.0,1.08,0.36,1.49,0.48,3.15,0.0
44717,2021,2021-08-14,2411,Barclays Premier League,Burnley,Brighton and Hove Albion,64.53,73.89,0.3356,0.3888,0.2757,1.19,1.31,34.4,23.0,1.0,2.0,1.95,1.77,0.75,1.5,1.05,2.1
44730,2021,2021-08-14,2411,Barclays Premier League,Watford,Aston Villa,60.59,72.1,0.3067,0.4283,0.265,1.19,1.45,41.1,21.7,3.0,2.0,1.17,1.21,0.68,1.26,3.15,2.1
44748,2021,2021-08-14,2411,Barclays Premier League,Norwich City,Liverpool,61.18,88.26,0.1293,0.679,0.1917,0.84,2.2,39.7,48.2,0.0,3.0,1.15,2.06,0.82,2.33,0.0,3.07
44825,2021,2021-08-15,2411,Barclays Premier League,Newcastle,West Ham United,66.47,73.22,0.3533,0.3941,0.2526,1.41,1.5,31.0,25.2,2.0,4.0,1.71,3.53,1.36,1.84,2.1,4.2
44841,2021,2021-08-15,2411,Barclays Premier League,Tottenham Hotspur,Manchester City,78.71,91.76,0.2239,0.5563,0.2199,1.21,2.01,53.1,69.5,1.0,0.0,1.22,2.16,0.95,2.03,1.05,0.0
44998,2021,2021-08-21,2411,Barclays Premier League,Liverpool,Burnley,88.58,63.96,0.7621,0.0827,0.1552,2.48,0.69,58.4,33.8,2.0,0.0,3.1,0.79,2.8,1.01,2.1,0.0
45029,2021,2021-08-21,2411,Barclays Premier League,Manchester City,Norwich City,91.64,60.67,0.8281,0.0455,0.1263,2.59,0.46,60.0,38.0,5.0,0.0,2.37,0.03,2.12,0.08,4.89,0.0
45043,2021,2021-08-21,2411,Barclays Premier League,Leeds United,Everton,71.33,73.47,0.4038,0.3354,0.2608,1.45,1.3,21.8,23.7,2.0,2.0,1.15,1.94,0.84,1.5,2.1,2.1
45045,2021,2021-08-21,2411,Barclays Premier League,Crystal Palace,Brentford,62.18,63.53,0.4091,0.3131,0.2778,1.33,1.12,40.8,34.8,0.0,0.0,0.6,0.85,0.87,0.9,0.0,0.0
45051,2021,2021-08-21,2411,Barclays Premier League,Aston Villa,Newcastle,71.45,64.82,0.4917,0.268,0.2403,1.75,1.24,22.7,30.3,2.0,0.0,1.31,0.77,1.21,1.07,2.1,0.0
45072,2021,2021-08-21,2411,Barclays Premier League,Brighton and Hove Albion,Watford,74.19,61.0,0.5466,0.1963,0.2571,1.59,0.84,23.6,34.6,2.0,0.0,1.68,0.48,1.32,1.06,2.1,0.0
45151,2021,2021-08-22,2411,Barclays Premier League,Southampton,Manchester United,65.32,85.58,0.1837,0.6,0.2164,1.02,2.01,33.1,57.5,1.0,1.0,0.69,2.21,0.8,2.19,1.05,1.05
45152,2021,2021-08-22,2411,Barclays Premier League,Wolverhampton,Tottenham Hotspur,71.14,79.06,0.2905,0.452,0.2575,1.19,1.55,21.8,49.7,0.0,1.0,1.68,1.78,1.98,0.83,0.0,1.05
45174,2021,2021-08-22,2411,Barclays Premier League,Arsenal,Chelsea,79.65,88.51,0.2839,0.4484,0.2677,1.1,1.45,45.6,57.7,0.0,2.0,0.63,3.3,1.0,2.65,0.0,2.1
45239,2021,2021-08-23,2411,Barclays Premier League,West Ham United,Leicester City,74.06,76.88,0.3961,0.3534,0.2506,1.53,1.43,33.7,37.2,4.0,1.0,2.48,0.83,2.18,0.45,3.09,1.05
45325,2021,2021-08-28,2411,Barclays Premier League,Manchester City,Arsenal,92.21,77.96,0.6898,0.1171,0.1931,2.13,0.74,74.0,36.5,5.0,0.0,4.02,0.17,3.47,0.17,4.33,0.0
45341,2021,2021-08-28,2411,Barclays Premier League,Brighton and Hove Albion,Everton,74.76,74.02,0.425,0.3001,0.275,1.37,1.1,31.3,25.4,0.0,2.0,0.79,1.41,1.72,0.9,0.0,2.1
45342,2021,2021-08-28,2411,Barclays Premier League,Aston Villa,Brentford,72.07,64.28,0.5099,0.2335,0.2566,1.59,0.99,20.3,28.6,1.0,1.0,0.47,1.01,1.11,1.37,1.05,1.05
45354,2021,2021-08-28,2411,Barclays Premier League,Norwich City,Leicester City,59.58,75.25,0.2627,0.4773,0.26,1.08,1.55,39.5,25.7,1.0,2.0,1.61,1.39,1.08,0.61,1.05,2.1
45363,2021,2021-08-28,2411,Barclays Premier League,Newcastle,Southampton,64.5,65.31,0.4219,0.3233,0.2548,1.53,1.31,38.6,35.4,2.0,2.0,1.21,3.62,0.89,1.71,2.1,2.1
45378,2021,2021-08-28,2411,Barclays Premier League,West Ham United,Crystal Palace,75.62,62.18,0.5911,0.182,0.227,1.88,0.94,34.5,36.1,2.0,2.0,1.39,1.79,2.21,1.48,2.1,2.1
45398,2021,2021-08-28,2411,Barclays Premier League,Liverpool,Chelsea,88.74,89.61,0.4137,0.3294,0.2569,1.5,1.31,63.4,66.1,1.0,1.0,2.75,0.65,1.96,0.81,0.84,1.05
45476,2021,2021-08-29,2411,Barclays Premier League,Tottenham Hotspur,Watford,78.8,60.49,0.6534,0.1399,0.2068,2.04,0.82,47.9,39.5,1.0,0.0,1.1,0.66,2.07,1.06,1.05,0.0
45477,2021,2021-08-29,2411,Barclays Premier League,Burnley,Leeds United,63.68,70.59,0.3565,0.3876,0.2559,1.39,1.46,36.9,22.5,1.0,1.0,1.7,1.34,0.72,1.54,1.05,1.05
45500,2021,2021-08-29,2411,Barclays Premier League,Wolverhampton,Manchester United,71.53,85.67,0.2141,0.5393,0.2466,0.97,1.69,23.1,58.3,0.0,1.0,1.89,0.84,1.24,1.1,0.0,1.05
45700,2021,2021-09-11,2411,Barclays Premier League,Crystal Palace,Tottenham Hotspur,63.03,78.74,0.2345,0.523,0.2425,1.08,1.74,37.0,52.7,,,,,,,,
45722,2021,2021-09-11,2411,Barclays Premier League,Leicester City,Manchester City,74.87,93.26,0.1526,0.6465,0.2009,0.94,2.15,34.2,64.4,,,,,,,,
45733,2021,2021-09-11,2411,Barclays Premier League,Watford,Wolverhampton,60.91,72.32,0.3121,0.3982,0.2897,1.06,1.23,42.8,28.4,,,,,,,,
45738,2021,2021-09-11,2411,Barclays Premier League,Brentford,Brighton and Hove Albion,65.34,73.85,0.3293,0.3818,0.2889,1.1,1.21,31.3,22.3,,,,,,,,
45739,2021,2021-09-11,2411,Barclays Premier League,Arsenal,Norwich City,75.8,59.99,0.5794,0.1788,0.2418,1.72,0.84,18.6,39.5,,,,,,,,
45742,2021,2021-09-11,2411,Barclays Premier League,Manchester United,Newcastle,85.21,62.86,0.7196,0.1064,0.1739,2.34,0.78,69.0,36.7,,,,,,,,
45745,2021,2021-09-11,2411,Barclays Premier League,Southampton,West Ham United,66.47,74.47,0.3283,0.4297,0.242,1.44,1.67,27.8,31.0,,,,,,,,
45782,2021,2021-09-11,2411,Barclays Premier League,Chelsea,Aston Villa,89.12,71.28,0.6921,0.1125,0.1955,2.08,0.7,57.1,20.2,,,,,,,,
45895,2021,2021-09-12,2411,Barclays Premier League,Leeds United,Liverpool,70.79,89.26,0.1775,0.6168,0.2057,1.06,2.14,18.8,50.1,,,,,,,,
45954,2021,2021-09-13,2411,Barclays Premier League,Everton,Burnley,75.0,63.65,0.5375,0.2151,0.2475,1.68,0.97,29.1,37.1,,,,,,,,
46053,2021,2021-09-17,2411,Barclays Premier League,Newcastle,Leeds United,62.86,70.79,0.3444,0.4079,0.2477,1.43,1.58,,,,,,,,,,
46071,2021,2021-09-18,2411,Barclays Premier League,Wolverhampton,Brentford,72.32,65.34,0.4851,0.2331,0.2818,1.38,0.86,,,,,,,,,,
46109,2021,2021-09-18,2411,Barclays Premier League,Manchester City,Southampton,93.26,66.47,0.797,0.0661,0.137,2.64,0.63,,,,,,,,,,
46110,2021,2021-09-18,2411,Barclays Premier League,Norwich City,Watford,59.99,60.91,0.404,0.3081,0.2879,1.25,1.05,,,,,,,,,,
46111,2021,2021-09-18,2411,Barclays Premier League,Burnley,Arsenal,63.65,75.8,0.2927,0.4473,0.2599,1.18,1.52,,,,,,,,,,
46112,2021,2021-09-18,2411,Barclays Premier League,Liverpool,Crystal Palace,89.26,63.03,0.7635,0.0793,0.1572,2.42,0.64,,,,,,,,,,
46156,2021,2021-09-18,2411,Barclays Premier League,Aston Villa,Everton,71.28,75.0,0.3832,0.3527,0.2642,1.38,1.32,,,,,,,,,,
46234,2021,2021-09-19,2411,Barclays Premier League,Brighton and Hove Albion,Leicester City,73.85,74.87,0.3964,0.332,0.2716,1.35,1.21,,,,,,,,,,
46237,2021,2021-09-19,2411,Barclays Premier League,West Ham United,Manchester United,74.47,85.21,0.2959,0.4664,0.2377,1.37,1.77,,,,,,,,,,
46263,2021,2021-09-19,2411,Barclays Premier League,Tottenham Hotspur,Chelsea,78.74,89.12,0.2831,0.4651,0.2518,1.2,1.61,,,,,,,,,,
46469,2021,2021-09-25,2411,Barclays Premier League,Manchester United,Aston Villa,85.21,71.28,0.6083,0.1733,0.2184,1.97,0.94,,,,,,,,,,
46470,2021,2021-09-25,2411,Barclays Premier League,Chelsea,Manchester City,89.12,93.26,0.3297,0.4089,0.2614,1.28,1.45,,,,,,,,,,
46494,2021,2021-09-25,2411,Barclays Premier League,Leeds United,West Ham United,70.79,74.47,0.3789,0.3787,0.2425,1.57,1.57,,,,,,,,,,
46500,2021,2021-09-25,2411,Barclays Premier League,Everton,Norwich City,75.0,59.99,0.5863,0.1715,0.2421,1.71,0.8,,,,,,,,,,
46520,2021,2021-09-25,2411,Barclays Premier League,Watford,Newcastle,60.91,62.86,0.381,0.3519,0.2671,1.35,1.29,,,,,,,,,,
46521,2021,2021-09-25,2411,Barclays Premier League,Leicester City,Burnley,74.87,63.65,0.551,0.2097,0.2392,1.77,1.0,,,,,,,,,,
46555,2021,2021-09-25,2411,Barclays Premier League,Brentford,Liverpool,65.34,89.26,0.1474,0.6459,0.2067,0.86,2.06,,,,,,,,,,
46646,2021,2021-09-26,2411,Barclays Premier League,Southampton,Wolverhampton,66.47,72.32,0.3699,0.3559,0.2742,1.28,1.25,,,,,,,,,,
46674,2021,2021-09-26,2411,Barclays Premier League,Arsenal,Tottenham Hotspur,75.8,78.74,0.3804,0.3641,0.2556,1.45,1.41,,,,,,,,,,
46738,2021,2021-09-27,2411,Barclays Premier League,Crystal Palace,Brighton and Hove Albion,63.03,73.85,0.3058,0.4143,0.2799,1.09,1.32,,,,,,,,,,
46857,2021,2021-10-02,2411,Barclays Premier League,Manchester United,Everton,85.21,75.0,0.566,0.1985,0.2355,1.8,0.97,,,,,,,,,,
46907,2021,2021-10-02,2411,Barclays Premier League,Chelsea,Southampton,89.12,66.47,0.7091,0.1051,0.1857,2.17,0.7,,,,,,,,,,
46912,2021,2021-10-02,2411,Barclays Premier League,Burnley,Norwich City,63.65,59.99,0.4633,0.2669,0.2698,1.45,1.03,,,,,,,,,,
46913,2021,2021-10-02,2411,Barclays Premier League,Leeds United,Watford,70.79,60.91,0.5421,0.2107,0.2472,1.69,0.95,,,,,,,,,,
46917,2021,2021-10-02,2411,Barclays Premier League,Wolverhampton,Newcastle,72.32,62.86,0.5025,0.2415,0.2561,1.6,1.02,,,,,,,,,,
46938,2021,2021-10-02,2411,Barclays Premier League,Brighton and Hove Albion,Arsenal,73.85,75.8,0.3871,0.3369,0.2761,1.3,1.19,,,,,,,,,,
47030,2021,2021-10-03,2411,Barclays Premier League,Tottenham Hotspur,Aston Villa,78.74,71.28,0.5217,0.2413,0.237,1.8,1.15,,,,,,,,,,
47037,2021,2021-10-03,2411,Barclays Premier League,Crystal Palace,Leicester City,63.03,74.87,0.2889,0.4492,0.2619,1.15,1.5,,,,,,,,,,
47040,2021,2021-10-03,2411,Barclays Premier League,West Ham United,Brentford,74.47,65.34,0.5494,0.2119,0.2386,1.78,1.01,,,,,,,,,,
47065,2021,2021-10-03,2411,Barclays Premier League,Liverpool,Manchester City,89.26,93.26,0.344,0.4104,0.2457,1.45,1.6,,,,,,,,,,
47282,2021,2021-10-16,2411,Barclays Premier League,Watford,Liverpool,60.91,89.26,0.1217,0.6904,0.1879,0.81,2.22,,,,,,,,,,
47322,2021,2021-10-16,2411,Barclays Premier League,Leicester City,Manchester United,74.87,85.21,0.2907,0.4597,0.2496,1.25,1.63,,,,,,,,,,
47330,2021,2021-10-16,2411,Barclays Premier League,Aston Villa,Wolverhampton,71.28,72.32,0.4189,0.3073,0.2738,1.37,1.13,,,,,,,,,,
47337,2021,2021-10-16,2411,Barclays Premier League,Southampton,Leeds United,66.47,70.79,0.3761,0.3707,0.2532,1.46,1.45,,,,,,,,,,
47345,2021,2021-10-16,2411,Barclays Premier League,Manchester City,Burnley,93.26,63.65,0.8189,0.0539,0.1272,2.68,0.55,,,,,,,,,,
47346,2021,2021-10-16,2411,Barclays Premier League,Norwich City,Brighton and Hove Albion,59.99,73.85,0.2755,0.4455,0.279,1.01,1.36,,,,,,,,,,
47361,2021,2021-10-16,2411,Barclays Premier League,Brentford,Chelsea,65.34,89.12,0.1552,0.6146,0.2302,0.78,1.81,,,,,,,,,,
47452,2021,2021-10-17,2411,Barclays Premier League,Everton,West Ham United,75.0,74.47,0.4178,0.3319,0.2504,1.57,1.37,,,,,,,,,,
47474,2021,2021-10-17,2411,Barclays Premier League,Newcastle,Tottenham Hotspur,62.86,78.74,0.2575,0.5106,0.2318,1.26,1.86,,,,,,,,,,
47541,2021,2021-10-18,2411,Barclays Premier League,Arsenal,Crystal Palace,75.8,63.03,0.5661,0.1902,0.2436,1.71,0.88,,,,,,,,,,
47676,2021,2021-10-22,2411,Barclays Premier League,Arsenal,Aston Villa,75.8,71.28,0.4719,0.2732,0.2548,1.59,1.15,,,,,,,,,,
47692,2021,2021-10-23,2411,Barclays Premier League,Chelsea,Norwich City,89.12,59.99,0.7678,0.0669,0.1653,2.22,0.49,,,,,,,,,,
47735,2021,2021-10-23,2411,Barclays Premier League,Everton,Watford,75.0,60.91,0.5772,0.1769,0.2458,1.68,0.81,,,,,,,,,,
47741,2021,2021-10-23,2411,Barclays Premier League,Southampton,Burnley,66.47,63.65,0.4571,0.287,0.2559,1.57,1.19,,,,,,,,,,
47743,2021,2021-10-23,2411,Barclays Premier League,Leeds United,Wolverhampton,70.79,72.32,0.4178,0.3122,0.27,1.4,1.17,,,,,,,,,,
47749,2021,2021-10-23,2411,Barclays Premier League,Crystal Palace,Newcastle,63.03,62.86,0.4081,0.33,0.2619,1.45,1.27,,,,,,,,,,
47766,2021,2021-10-23,2411,Barclays Premier League,Brighton and Hove Albion,Manchester City,73.85,93.26,0.1566,0.6289,0.2145,0.87,1.98,,,,,,,,,,
47859,2021,2021-10-24,2411,Barclays Premier League,Brentford,Leicester City,65.34,74.87,0.3046,0.4246,0.2707,1.14,1.4,,,,,,,,,,
47860,2021,2021-10-24,2411,Barclays Premier League,West Ham United,Tottenham Hotspur,74.47,78.74,0.3805,0.3796,0.24,1.6,1.6,,,,,,,,,,
47882,2021,2021-10-24,2411,Barclays Premier League,Manchester United,Liverpool,85.21,89.26,0.354,0.3979,0.2481,1.45,1.55,,,,,,,,,,
48042,2021,2021-10-30,2411,Barclays Premier League,Leicester City,Arsenal,74.87,75.8,0.4134,0.3255,0.2611,1.46,1.27,,,,,,,,,,
48069,2021,2021-10-30,2411,Barclays Premier League,Liverpool,Brighton and Hove Albion,89.26,73.85,0.6565,0.1374,0.2061,2.04,0.8,,,,,,,,,,
48070,2021,2021-10-30,2411,Barclays Premier League,Manchester City,Crystal Palace,93.26,63.03,0.8235,0.0495,0.127,2.62,0.5,,,,,,,,,,
48090,2021,2021-10-30,2411,Barclays Premier League,Burnley,Brentford,63.65,65.34,0.409,0.3126,0.2783,1.32,1.12,,,,,,,,,,
48096,2021,2021-10-30,2411,Barclays Premier League,Watford,Southampton,60.91,66.47,0.3479,0.3807,0.2714,1.25,1.32,,,,,,,,,,
48097,2021,2021-10-30,2411,Barclays Premier League,Newcastle,Chelsea,62.86,89.12,0.1507,0.6455,0.2037,0.91,2.1,,,,,,,,,,
48109,2021,2021-10-30,2411,Barclays Premier League,Tottenham Hotspur,Manchester United,78.74,85.21,0.3394,0.4117,0.2489,1.41,1.57,,,,,,,,,,
48212,2021,2021-10-31,2411,Barclays Premier League,Norwich City,Leeds United,59.99,70.79,0.2968,0.4406,0.2627,1.17,1.49,,,,,,,,,,
48221,2021,2021-10-31,2411,Barclays Premier League,Aston Villa,West Ham United,71.28,74.47,0.3807,0.3735,0.2458,1.54,1.52,,,,,,,,,,
48305,2021,2021-11-01,2411,Barclays Premier League,Wolverhampton,Everton,72.32,75.0,0.376,0.3414,0.2826,1.24,1.16,,,,,,,,,,
48440,2021,2021-11-06,2411,Barclays Premier League,Brentford,Norwich City,65.34,59.99,0.4641,0.2536,0.2823,1.36,0.93,,,,,,,,,,
48441,2021,2021-11-06,2411,Barclays Premier League,Brighton and Hove Albion,Newcastle,73.85,62.86,0.5254,0.2265,0.2481,1.68,1.01,,,,,,,,,,
48443,2021,2021-11-06,2411,Barclays Premier League,West Ham United,Liverpool,74.47,89.26,0.2334,0.5495,0.2171,1.28,2.06,,,,,,,,,,
48446,2021,2021-11-06,2411,Barclays Premier League,Chelsea,Burnley,89.12,63.65,0.7355,0.0878,0.1766,2.2,0.61,,,,,,,,,,
48449,2021,2021-11-06,2411,Barclays Premier League,Everton,Tottenham Hotspur,75.0,78.74,0.3689,0.3736,0.2575,1.41,1.42,,,,,,,,,,
48451,2021,2021-11-06,2411,Barclays Premier League,Southampton,Aston Villa,66.47,71.28,0.3726,0.3706,0.2567,1.42,1.42,,,,,,,,,,
48457,2021,2021-11-06,2411,Barclays Premier League,Crystal Palace,Wolverhampton,63.03,72.32,0.3233,0.3907,0.286,1.1,1.24,,,,,,,,,,
48462,2021,2021-11-06,2411,Barclays Premier League,Arsenal,Watford,75.8,60.91,0.5897,0.1703,0.2401,1.73,0.81,,,,,,,,,,
48464,2021,2021-11-06,2411,Barclays Premier League,Manchester United,Manchester City,85.21,93.26,0.2769,0.4796,0.2434,1.25,1.71,,,,,,,,,,
48466,2021,2021-11-06,2411,Barclays Premier League,Leeds United,Leicester City,70.79,74.87,0.3804,0.365,0.2546,1.46,1.42,,,,,,,,,,
48754,2021,2021-11-20,2411,Barclays Premier League,Norwich City,Southampton,59.99,66.47,0.3402,0.39,0.2699,1.24,1.35,,,,,,,,,,
48757,2021,2021-11-20,2411,Barclays Premier League,Newcastle,Brentford,62.86,65.34,0.4139,0.3189,0.2673,1.41,1.21,,,,,,,,,,
48765,2021,2021-11-20,2411,Barclays Premier League,Manchester City,Everton,93.26,75.0,0.7171,0.1034,0.1794,2.25,0.72,,,,,,,,,,
48768,2021,2021-11-20,2411,Barclays Premier League,Watford,Manchester United,60.91,85.21,0.1641,0.6137,0.2222,0.87,1.91,,,,,,,,,,
48774,2021,2021-11-20,2411,Barclays Premier League,Leicester City,Chelsea,74.87,89.12,0.2394,0.5121,0.2485,1.06,1.67,,,,,,,,,,
48779,2021,2021-11-20,2411,Barclays Premier League,Tottenham Hotspur,Leeds United,78.74,70.79,0.5262,0.2407,0.2331,1.85,1.18,,,,,,,,,,
48782,2021,2021-11-20,2411,Barclays Premier League,Aston Villa,Brighton and Hove Albion,71.28,73.85,0.3998,0.3289,0.2713,1.36,1.21,,,,,,,,,,
48785,2021,2021-11-20,2411,Barclays Premier League,Liverpool,Arsenal,89.26,75.8,0.6327,0.159,0.2084,2.06,0.93,,,,,,,,,,
48787,2021,2021-11-20,2411,Barclays Premier League,Wolverhampton,West Ham United,72.32,74.47,0.3747,0.3634,0.2619,1.38,1.36,,,,,,,,,,
48788,2021,2021-11-20,2411,Barclays Premier League,Burnley,Crystal Palace,63.65,63.03,0.43,0.2994,0.2706,1.41,1.13,,,,,,,,,,
49103,2021,2021-11-27,2411,Barclays Premier League,Brentford,Everton,65.34,75.0,0.306,0.4162,0.2779,1.1,1.34,,,,,,,,,,
49106,2021,2021-11-27,2411,Barclays Premier League,Liverpool,Southampton,89.26,66.47,0.7314,0.102,0.1665,2.43,0.79,,,,,,,,,,
49109,2021,2021-11-27,2411,Barclays Premier League,Chelsea,Manchester United,89.12,85.21,0.4813,0.2622,0.2565,1.58,1.1,,,,,,,,,,
49112,2021,2021-11-27,2411,Barclays Premier League,Manchester City,West Ham United,93.26,74.47,0.7233,0.11,0.1666,2.48,0.87,,,,,,,,,,
49113,2021,2021-11-27,2411,Barclays Premier League,Leicester City,Watford,74.87,60.91,0.5839,0.1775,0.2387,1.75,0.85,,,,,,,,,,
49136,2021,2021-11-27,2411,Barclays Premier League,Brighton and Hove Albion,Leeds United,73.85,70.79,0.4411,0.2945,0.2643,1.47,1.15,,,,,,,,,,
49138,2021,2021-11-27,2411,Barclays Premier League,Burnley,Tottenham Hotspur,63.65,78.74,0.2564,0.5022,0.2414,1.18,1.75,,,,,,,,,,
49140,2021,2021-11-27,2411,Barclays Premier League,Crystal Palace,Aston Villa,63.03,71.28,0.3256,0.4078,0.2666,1.23,1.41,,,,,,,,,,
49144,2021,2021-11-27,2411,Barclays Premier League,Arsenal,Newcastle,75.8,62.86,0.5619,0.2067,0.2314,1.85,1.03,,,,,,,,,,
49146,2021,2021-11-27,2411,Barclays Premier League,Norwich City,Wolverhampton,59.99,72.32,0.2922,0.4215,0.2864,1.02,1.29,,,,,,,,,,
49315,2021,2021-11-30,2411,Barclays Premier League,West Ham United,Brighton and Hove Albion,74.47,73.85,0.4502,0.2954,0.2544,1.57,1.23,,,,,,,,,,
49316,2021,2021-11-30,2411,Barclays Premier League,Aston Villa,Manchester City,71.28,93.26,0.144,0.6623,0.1937,0.93,2.22,,,,,,,,,,
49317,2021,2021-11-30,2411,Barclays Premier League,Wolverhampton,Burnley,72.32,63.65,0.4983,0.2351,0.2666,1.5,0.94,,,,,,,,,,
49318,2021,2021-11-30,2411,Barclays Premier League,Watford,Chelsea,60.91,89.12,0.1292,0.6595,0.2112,0.73,1.96,,,,,,,,,,
49319,2021,2021-11-30,2411,Barclays Premier League,Leeds United,Crystal Palace,70.79,63.03,0.5176,0.2333,0.2492,1.67,1.03,,,,,,,,,,
49320,2021,2021-11-30,2411,Barclays Premier League,Everton,Liverpool,75.0,89.26,0.228,0.5386,0.2334,1.12,1.84,,,,,,,,,,
49321,2021,2021-11-30,2411,Barclays Premier League,Manchester United,Arsenal,85.21,75.8,0.5557,0.2077,0.2365,1.8,1.0,,,,,,,,,,
49341,2021,2021-12-01,2411,Barclays Premier League,Southampton,Leicester City,66.47,74.87,0.3331,0.4119,0.255,1.34,1.51,,,,,,,,,,
49343,2021,2021-12-01,2411,Barclays Premier League,Newcastle,Norwich City,62.86,59.99,0.469,0.272,0.259,1.55,1.12,,,,,,,,,,
49344,2021,2021-12-01,2411,Barclays Premier League,Tottenham Hotspur,Brentford,78.74,65.34,0.5936,0.175,0.2314,1.82,0.87,,,,,,,,,,
49394,2021,2021-12-04,2411,Barclays Premier League,Watford,Manchester City,60.91,93.26,0.0836,0.7572,0.1592,0.67,2.42,,,,,,,,,,
49395,2021,2021-12-04,2411,Barclays Premier League,Newcastle,Burnley,62.86,63.65,0.4247,0.3204,0.2548,1.54,1.3,,,,,,,,,,
49396,2021,2021-12-04,2411,Barclays Premier League,Wolverhampton,Liverpool,72.32,89.26,0.1979,0.5686,0.2335,0.98,1.82,,,,,,,,,,
49398,2021,2021-12-04,2411,Barclays Premier League,Everton,Arsenal,75.0,75.8,0.4085,0.3242,0.2674,1.4,1.22,,,,,,,,,,
49399,2021,2021-12-04,2411,Barclays Premier League,Manchester United,Crystal Palace,85.21,63.03,0.6959,0.1115,0.1926,2.11,0.71,,,,,,,,,,
49400,2021,2021-12-04,2411,Barclays Premier League,West Ham United,Chelsea,74.47,89.12,0.2435,0.5205,0.236,1.17,1.81,,,,,,,,,,
49401,2021,2021-12-04,2411,Barclays Premier League,Leeds United,Brentford,70.79,65.34,0.4953,0.2459,0.2589,1.57,1.02,,,,,,,,,,
49403,2021,2021-12-04,2411,Barclays Premier League,Southampton,Brighton and Hove Albion,66.47,73.85,0.3512,0.3788,0.27,1.27,1.33,,,,,,,,,,
49404,2021,2021-12-04,2411,Barclays Premier League,Aston Villa,Leicester City,71.28,74.87,0.382,0.3598,0.2582,1.43,1.38,,,,,,,,,,
49406,2021,2021-12-04,2411,Barclays Premier League,Tottenham Hotspur,Norwich City,78.74,59.99,0.6481,0.1411,0.2108,1.99,0.8,,,,,,,,,,
49684,2021,2021-12-11,2411,Barclays Premier League,Crystal Palace,Everton,63.03,75.0,0.2905,0.4406,0.2689,1.11,1.43,,,,,,,,,,
49687,2021,2021-12-11,2411,Barclays Premier League,Chelsea,Leeds United,89.12,70.79,0.6657,0.1318,0.2025,2.06,0.79,,,,,,,,,,
49700,2021,2021-12-11,2411,Barclays Premier League,Manchester City,Wolverhampton,93.26,72.32,0.7445,0.083,0.1725,2.23,0.59,,,,,,,,,,
49701,2021,2021-12-11,2411,Barclays Premier League,Brentford,Watford,65.34,60.91,0.4552,0.2599,0.2848,1.33,0.94,,,,,,,,,,
49702,2021,2021-12-11,2411,Barclays Premier League,Brighton and Hove Albion,Tottenham Hotspur,73.85,78.74,0.3486,0.3871,0.2644,1.3,1.39,,,,,,,,,,
49703,2021,2021-12-11,2411,Barclays Premier League,Arsenal,Southampton,75.8,66.47,0.5251,0.231,0.2439,1.72,1.06,,,,,,,,,,
49705,2021,2021-12-11,2411,Barclays Premier League,Leicester City,Newcastle,74.87,62.86,0.5554,0.2146,0.23,1.88,1.08,,,,,,,,,,
49708,2021,2021-12-11,2411,Barclays Premier League,Norwich City,Manchester United,59.99,85.21,0.1587,0.6232,0.2181,0.86,1.94,,,,,,,,,,
49713,2021,2021-12-11,2411,Barclays Premier League,Liverpool,Aston Villa,89.26,71.28,0.6834,0.1293,0.1873,2.26,0.87,,,,,,,,,,
49714,2021,2021-12-11,2411,Barclays Premier League,Burnley,West Ham United,63.65,74.47,0.298,0.4586,0.2434,1.32,1.69,,,,,,,,,,
49892,2021,2021-12-14,2411,Barclays Premier League,Burnley,Watford,63.65,60.91,0.4543,0.2736,0.2721,1.43,1.04,,,,,,,,,,
49893,2021,2021-12-14,2411,Barclays Premier League,Brentford,Manchester United,65.34,85.21,0.1944,0.5669,0.2387,0.93,1.76,,,,,,,,,,
49894,2021,2021-12-14,2411,Barclays Premier League,Brighton and Hove Albion,Wolverhampton,73.85,72.32,0.4316,0.2811,0.2874,1.29,0.98,,,,,,,,,,
49895,2021,2021-12-14,2411,Barclays Premier League,Arsenal,West Ham United,75.8,74.47,0.4299,0.3224,0.2477,1.61,1.37,,,,,,,,,,
49896,2021,2021-12-14,2411,Barclays Premier League,Leicester City,Tottenham Hotspur,74.87,78.74,0.3731,0.3751,0.2518,1.47,1.47,,,,,,,,,,
49897,2021,2021-12-14,2411,Barclays Premier League,Norwich City,Aston Villa,59.99,71.28,0.2939,0.4398,0.2663,1.14,1.46,,,,,,,,,,
49898,2021,2021-12-14,2411,Barclays Premier League,Crystal Palace,Southampton,63.03,66.47,0.374,0.3586,0.2674,1.34,1.3,,,,,,,,,,
49899,2021,2021-12-15,2411,Barclays Premier League,Manchester City,Leeds United,93.26,70.79,0.7594,0.0858,0.1548,2.51,0.72,,,,,,,,,,
49900,2021,2021-12-15,2411,Barclays Premier League,Chelsea,Everton,89.12,75.0,0.6198,0.1536,0.2267,1.84,0.79,,,,,,,,,,
49901,2021,2021-12-15,2411,Barclays Premier League,Liverpool,Newcastle,89.26,62.86,0.7635,0.0868,0.1497,2.61,0.77,,,,,,,,,,
49938,2021,2021-12-18,2411,Barclays Premier League,Leeds United,Arsenal,70.79,75.8,0.3713,0.3704,0.2583,1.4,1.4,,,,,,,,,,
49939,2021,2021-12-18,2411,Barclays Premier League,West Ham United,Norwich City,74.47,59.99,0.6056,0.1735,0.2209,1.94,0.93,,,,,,,,,,
49941,2021,2021-12-18,2411,Barclays Premier League,Tottenham Hotspur,Liverpool,78.74,89.26,0.2738,0.493,0.2332,1.32,1.84,,,,,,,,,,
49943,2021,2021-12-18,2411,Barclays Premier League,Watford,Crystal Palace,60.91,63.03,0.3884,0.3267,0.2849,1.24,1.12,,,,,,,,,,
49948,2021,2021-12-18,2411,Barclays Premier League,Newcastle,Manchester City,62.86,93.26,0.0982,0.7464,0.1554,0.84,2.6,,,,,,,,,,
49974,2021,2021-12-18,2411,Barclays Premier League,Southampton,Brentford,66.47,65.34,0.4453,0.2857,0.269,1.44,1.1,,,,,,,,,,
49975,2021,2021-12-18,2411,Barclays Premier League,Wolverhampton,Chelsea,72.32,89.12,0.2059,0.5377,0.2564,0.88,1.6,,,,,,,,,,
49977,2021,2021-12-18,2411,Barclays Premier League,Everton,Leicester City,75.0,74.87,0.4181,0.3191,0.2629,1.45,1.24,,,,,,,,,,
49982,2021,2021-12-18,2411,Barclays Premier League,Aston Villa,Burnley,71.28,63.65,0.5089,0.2425,0.2487,1.67,1.07,,,,,,,,,,
49986,2021,2021-12-18,2411,Barclays Premier League,Manchester United,Brighton and Hove Albion,85.21,73.85,0.5812,0.1817,0.2371,1.77,0.88,,,,,,,,,,
50186,2021,2021-12-26,2411,Barclays Premier League,Liverpool,Leeds United,89.26,70.79,0.6883,0.1284,0.1833,2.31,0.89,,,,,,,,,,
50188,2021,2021-12-26,2411,Barclays Premier League,Manchester City,Leicester City,93.26,74.87,0.7186,0.1059,0.1755,2.32,0.77,,,,,,,,,,
50189,2021,2021-12-26,2411,Barclays Premier League,Aston Villa,Chelsea,71.28,89.12,0.2079,0.5544,0.2377,1.0,1.78,,,,,,,,,,
50193,2021,2021-12-26,2411,Barclays Premier League,Newcastle,Manchester United,62.86,85.21,0.1897,0.5964,0.2139,1.07,2.05,,,,,,,,,,
50198,2021,2021-12-26,2411,Barclays Premier League,Tottenham Hotspur,Crystal Palace,78.74,63.03,0.6161,0.1641,0.2198,1.94,0.88,,,,,,,,,,
50202,2021,2021-12-26,2411,Barclays Premier League,Wolverhampton,Watford,72.32,60.91,0.5307,0.1998,0.2695,1.49,0.8,,,,,,,,,,
50209,2021,2021-12-26,2411,Barclays Premier League,Brighton and Hove Albion,Brentford,73.85,65.34,0.5076,0.2192,0.2732,1.45,0.85,,,,,,,,,,
50210,2021,2021-12-26,2411,Barclays Premier League,Burnley,Everton,63.65,75.0,0.3023,0.434,0.2637,1.18,1.47,,,,,,,,,,
50216,2021,2021-12-26,2411,Barclays Premier League,West Ham United,Southampton,74.47,66.47,0.5294,0.2413,0.2292,1.9,1.21,,,,,,,,,,
50217,2021,2021-12-26,2411,Barclays Premier League,Norwich City,Arsenal,59.99,75.8,0.2519,0.486,0.2621,1.03,1.53,,,,,,,,,,
50239,2021,2021-12-28,2411,Barclays Premier League,Crystal Palace,Norwich City,63.03,59.99,0.4481,0.2733,0.2786,1.37,1.01,,,,,,,,,,
50240,2021,2021-12-28,2411,Barclays Premier League,Leeds United,Aston Villa,70.79,71.28,0.4217,0.3252,0.2531,1.55,1.33,,,,,,,,,,
50241,2021,2021-12-28,2411,Barclays Premier League,Watford,West Ham United,60.91,74.47,0.2635,0.4893,0.2472,1.17,1.68,,,,,,,,,,
50242,2021,2021-12-28,2411,Barclays Premier League,Chelsea,Brighton and Hove Albion,89.12,73.85,0.6336,0.1391,0.2273,1.81,0.71,,,,,,,,,,
50243,2021,2021-12-28,2411,Barclays Premier League,Leicester City,Liverpool,74.87,89.26,0.2302,0.5415,0.2282,1.17,1.91,,,,,,,,,,
50244,2021,2021-12-28,2411,Barclays Premier League,Arsenal,Wolverhampton,75.8,72.32,0.4662,0.2616,0.2722,1.44,1.0,,,,,,,,,,
50245,2021,2021-12-28,2411,Barclays Premier League,Brentford,Manchester City,65.34,93.26,0.1036,0.717,0.1794,0.72,2.25,,,,,,,,,,
50246,2021,2021-12-28,2411,Barclays Premier League,Everton,Newcastle,75.0,62.86,0.5492,0.2145,0.2363,1.8,1.04,,,,,,,,,,
50247,2021,2021-12-28,2411,Barclays Premier League,Manchester United,Burnley,85.21,63.65,0.6888,0.1194,0.1917,2.16,0.77,,,,,,,,,,
50248,2021,2021-12-28,2411,Barclays Premier League,Southampton,Tottenham Hotspur,66.47,78.74,0.2865,0.4712,0.2423,1.29,1.72,,,,,,,,,,
50310,2021,2022-01-01,2411,Barclays Premier League,Arsenal,Manchester City,75.8,93.26,0.1758,0.6091,0.2151,0.98,2.01,,,,,,,,,,
50312,2021,2022-01-01,2411,Barclays Premier League,Southampton,Newcastle,66.47,62.86,0.4599,0.2937,0.2464,1.66,1.28,,,,,,,,,,
50313,2021,2022-01-01,2411,Barclays Premier League,Crystal Palace,West Ham United,63.03,74.47,0.2864,0.4659,0.2476,1.25,1.66,,,,,,,,,,
50314,2021,2022-01-01,2411,Barclays Premier League,Watford,Tottenham Hotspur,60.91,78.74,0.225,0.5317,0.2433,1.04,1.73,,,,,,,,,,
50315,2021,2022-01-01,2411,Barclays Premier League,Leicester City,Norwich City,74.87,59.99,0.593,0.172,0.235,1.78,0.84,,,,,,,,,,
50321,2021,2022-01-01,2411,Barclays Premier League,Everton,Brighton and Hove Albion,75.0,73.85,0.435,0.2899,0.275,1.38,1.08,,,,,,,,,,
50324,2021,2022-01-01,2411,Barclays Premier League,Leeds United,Burnley,70.79,63.65,0.508,0.2464,0.2456,1.7,1.11,,,,,,,,,,
50331,2021,2022-01-01,2411,Barclays Premier League,Manchester United,Wolverhampton,85.21,72.32,0.5998,0.1662,0.234,1.79,0.82,,,,,,,,,,
50334,2021,2022-01-01,2411,Barclays Premier League,Brentford,Aston Villa,65.34,71.28,0.3419,0.384,0.2741,1.22,1.31,,,,,,,,,,
50335,2021,2022-01-01,2411,Barclays Premier League,Chelsea,Liverpool,89.12,89.26,0.411,0.3314,0.2577,1.49,1.31,,,,,,,,,,
50525,2021,2022-01-15,2411,Barclays Premier League,Newcastle,Watford,62.86,60.91,0.4599,0.2789,0.2612,1.52,1.13,,,,,,,,,,
50531,2021,2022-01-15,2411,Barclays Premier League,West Ham United,Leeds United,74.47,70.79,0.4791,0.2849,0.236,1.8,1.34,,,,,,,,,,
50534,2021,2022-01-15,2411,Barclays Premier League,Wolverhampton,Southampton,72.32,66.47,0.4665,0.2668,0.2668,1.48,1.05,,,,,,,,,,
50535,2021,2022-01-15,2411,Barclays Premier League,Burnley,Leicester City,63.65,74.87,0.3006,0.4423,0.257,1.22,1.54,,,,,,,,,,
50536,2021,2022-01-15,2411,Barclays Premier League,Tottenham Hotspur,Arsenal,78.74,75.8,0.4686,0.282,0.2494,1.64,1.22,,,,,,,,,,
50537,2021,2022-01-15,2411,Barclays Premier League,Brighton and Hove Albion,Crystal Palace,73.85,63.03,0.5299,0.208,0.2621,1.55,0.86,,,,,,,,,,
50538,2021,2022-01-15,2411,Barclays Premier League,Manchester City,Chelsea,93.26,89.12,0.5176,0.2346,0.2478,1.68,1.05,,,,,,,,,,
50540,2021,2022-01-15,2411,Barclays Premier League,Liverpool,Brentford,89.26,65.34,0.7435,0.0865,0.17,2.28,0.64,,,,,,,,,,
50542,2021,2022-01-15,2411,Barclays Premier League,Aston Villa,Manchester United,71.28,85.21,0.2553,0.5027,0.242,1.17,1.74,,,,,,,,,,
50543,2021,2022-01-15,2411,Barclays Premier League,Norwich City,Everton,59.99,75.0,0.2607,0.4725,0.2668,1.03,1.48,,,,,,,,,,
50694,2021,2022-01-22,2411,Barclays Premier League,Crystal Palace,Liverpool,63.03,89.26,0.1357,0.6706,0.1937,0.87,2.19,,,,,,,,,,
50696,2021,2022-01-22,2411,Barclays Premier League,Brentford,Wolverhampton,65.34,72.32,0.3387,0.3672,0.2941,1.09,1.15,,,,,,,,,,
50700,2021,2022-01-22,2411,Barclays Premier League,Arsenal,Burnley,75.8,63.65,0.5573,0.2019,0.2408,1.75,0.95,,,,,,,,,,
50703,2021,2022-01-22,2411,Barclays Premier League,Chelsea,Tottenham Hotspur,89.12,78.74,0.5729,0.1955,0.2317,1.84,0.98,,,,,,,,,,
50706,2021,2022-01-22,2411,Barclays Premier League,Leicester City,Brighton and Hove Albion,74.87,73.85,0.4404,0.2914,0.2682,1.44,1.12,,,,,,,,,,
50707,2021,2022-01-22,2411,Barclays Premier League,Everton,Aston Villa,75.0,71.28,0.4596,0.2818,0.2585,1.54,1.15,,,,,,,,,,
50708,2021,2022-01-22,2411,Barclays Premier League,Southampton,Manchester City,66.47,93.26,0.1153,0.7118,0.1729,0.86,2.41,,,,,,,,,,
50711,2021,2022-01-22,2411,Barclays Premier League,Manchester United,West Ham United,85.21,74.47,0.5687,0.211,0.2202,2.0,1.14,,,,,,,,,,
50714,2021,2022-01-22,2411,Barclays Premier League,Leeds United,Newcastle,70.79,62.86,0.5116,0.2519,0.2365,1.81,1.2,,,,,,,,,,
50717,2021,2022-01-22,2411,Barclays Premier League,Watford,Norwich City,60.91,59.99,0.4205,0.293,0.2865,1.28,1.02,,,,,,,,,,
51159,2021,2022-02-08,2411,Barclays Premier League,Aston Villa,Leeds United,71.28,70.79,0.427,0.3203,0.2528,1.56,1.32,,,,,,,,,,
51162,2021,2022-02-08,2411,Barclays Premier League,Brighton and Hove Albion,Chelsea,73.85,89.12,0.2213,0.5207,0.258,0.94,1.58,,,,,,,,,,
51164,2021,2022-02-08,2411,Barclays Premier League,Norwich City,Crystal Palace,59.99,63.03,0.3806,0.3354,0.284,1.24,1.14,,,,,,,,,,
51165,2021,2022-02-08,2411,Barclays Premier League,Burnley,Manchester United,63.65,85.21,0.1895,0.5868,0.2238,1.0,1.93,,,,,,,,,,
51169,2021,2022-02-08,2411,Barclays Premier League,West Ham United,Watford,74.47,60.91,0.5964,0.1792,0.2244,1.91,0.94,,,,,,,,,,
51173,2021,2022-02-08,2411,Barclays Premier League,Wolverhampton,Arsenal,72.32,75.8,0.3661,0.3537,0.2802,1.23,1.21,,,,,,,,,,
51180,2021,2022-02-09,2411,Barclays Premier League,Newcastle,Everton,62.86,75.0,0.3048,0.4419,0.2533,1.27,1.57,,,,,,,,,,
51181,2021,2022-02-09,2411,Barclays Premier League,Tottenham Hotspur,Southampton,78.74,66.47,0.5756,0.2012,0.2232,1.95,1.06,,,,,,,,,,
51189,2021,2022-02-09,2411,Barclays Premier League,Liverpool,Leicester City,89.26,74.87,0.6433,0.1545,0.2022,2.13,0.94,,,,,,,,,,
51190,2021,2022-02-09,2411,Barclays Premier League,Manchester City,Brentford,93.26,65.34,0.806,0.0547,0.1394,2.48,0.49,,,,,,,,,,
51215,2021,2022-02-12,2411,Barclays Premier League,Burnley,Liverpool,63.65,89.26,0.1422,0.6658,0.1921,0.93,2.24,,,,,,,,,,
51217,2021,2022-02-12,2411,Barclays Premier League,Leicester City,West Ham United,74.87,74.47,0.4225,0.3327,0.2447,1.63,1.42,,,,,,,,,,
51220,2021,2022-02-12,2411,Barclays Premier League,Norwich City,Manchester City,59.99,93.26,0.0801,0.7652,0.1547,0.67,2.47,,,,,,,,,,
51221,2021,2022-02-12,2411,Barclays Premier League,Manchester United,Southampton,85.21,66.47,0.6597,0.1405,0.1997,2.13,0.86,,,,,,,,,,
51223,2021,2022-02-12,2411,Barclays Premier League,Newcastle,Aston Villa,62.86,71.28,0.3413,0.4077,0.251,1.39,1.54,,,,,,,,,,
51224,2021,2022-02-12,2411,Barclays Premier League,Watford,Brighton and Hove Albion,60.91,73.85,0.2824,0.4361,0.2815,1.02,1.34,,,,,,,,,,
51225,2021,2022-02-12,2411,Barclays Premier League,Chelsea,Arsenal,89.12,75.8,0.6101,0.1615,0.2284,1.84,0.82,,,,,,,,,,
51226,2021,2022-02-12,2411,Barclays Premier League,Brentford,Crystal Palace,65.34,63.03,0.4316,0.2852,0.2832,1.32,1.02,,,,,,,,,,
51227,2021,2022-02-12,2411,Barclays Premier League,Tottenham Hotspur,Wolverhampton,78.74,72.32,0.5153,0.2319,0.2528,1.63,1.01,,,,,,,,,,
51228,2021,2022-02-12,2411,Barclays Premier League,Everton,Leeds United,75.0,70.79,0.4638,0.2817,0.2545,1.59,1.18,,,,,,,,,,
51396,2021,2022-02-19,2411,Barclays Premier League,Arsenal,Brentford,75.8,65.34,0.5436,0.2014,0.2549,1.61,0.87,,,,,,,,,,
51398,2021,2022-02-19,2411,Barclays Premier League,Leeds United,Manchester United,70.79,85.21,0.2533,0.5089,0.2378,1.2,1.79,,,,,,,,,,
51403,2021,2022-02-19,2411,Barclays Premier League,West Ham United,Newcastle,74.47,62.86,0.5669,0.2155,0.2175,2.04,1.18,,,,,,,,,,
51423,2021,2022-02-19,2411,Barclays Premier League,Aston Villa,Watford,71.28,60.91,0.5426,0.2071,0.2503,1.65,0.92,,,,,,,,,,
51428,2021,2022-02-19,2411,Barclays Premier League,Wolverhampton,Leicester City,72.32,74.87,0.3752,0.3489,0.2759,1.28,1.22,,,,,,,,,,
51433,2021,2022-02-19,2411,Barclays Premier League,Crystal Palace,Chelsea,63.03,89.12,0.1438,0.6397,0.2165,0.79,1.93,,,,,,,,,,
51434,2021,2022-02-19,2411,Barclays Premier League,Southampton,Everton,66.47,75.0,0.3347,0.4041,0.2612,1.29,1.44,,,,,,,,,,
51436,2021,2022-02-19,2411,Barclays Premier League,Brighton and Hove Albion,Burnley,73.85,63.65,0.5211,0.2206,0.2583,1.58,0.93,,,,,,,,,,
51441,2021,2022-02-19,2411,Barclays Premier League,Manchester City,Tottenham Hotspur,93.26,78.74,0.6747,0.1356,0.1897,2.25,0.9,,,,,,,,,,
51443,2021,2022-02-19,2411,Barclays Premier League,Liverpool,Norwich City,89.26,59.99,0.7892,0.0654,0.1455,2.49,0.57,,,,,,,,,,
51627,2021,2022-02-26,2411,Barclays Premier League,Chelsea,Leicester City,89.12,74.87,0.6208,0.1574,0.2218,1.9,0.83,,,,,,,,,,
51628,2021,2022-02-26,2411,Barclays Premier League,Southampton,Norwich City,66.47,59.99,0.5008,0.2414,0.2578,1.58,1.01,,,,,,,,,,
51631,2021,2022-02-26,2411,Barclays Premier League,Leeds United,Tottenham Hotspur,70.79,78.74,0.3314,0.4225,0.2461,1.41,1.62,,,,,,,,,,
51634,2021,2022-02-26,2411,Barclays Premier League,Brighton and Hove Albion,Aston Villa,73.85,71.28,0.4371,0.2945,0.2685,1.43,1.13,,,,,,,,,,
51638,2021,2022-02-26,2411,Barclays Premier League,Crystal Palace,Burnley,63.03,63.65,0.4057,0.3219,0.2724,1.36,1.18,,,,,,,,,,
51639,2021,2022-02-26,2411,Barclays Premier League,Everton,Manchester City,75.0,93.26,0.1685,0.618,0.2135,0.95,2.02,,,,,,,,,,
51648,2021,2022-02-26,2411,Barclays Premier League,Brentford,Newcastle,65.34,62.86,0.4251,0.3084,0.2664,1.43,1.18,,,,,,,,,,
51651,2021,2022-02-26,2411,Barclays Premier League,West Ham United,Wolverhampton,74.47,72.32,0.4701,0.2749,0.255,1.59,1.15,,,,,,,,,,
51657,2021,2022-02-26,2411,Barclays Premier League,Manchester United,Watford,85.21,60.91,0.7166,0.0975,0.1859,2.14,0.64,,,,,,,,,,
51659,2021,2022-02-26,2411,Barclays Premier League,Arsenal,Liverpool,75.8,89.26,0.2369,0.529,0.2341,1.16,1.84,,,,,,,,,,
51854,2021,2022-03-05,2411,Barclays Premier League,Liverpool,West Ham United,89.26,74.47,0.6468,0.1603,0.1929,2.29,1.05,,,,,,,,,,
51855,2021,2022-03-05,2411,Barclays Premier League,Watford,Arsenal,60.91,75.8,0.2587,0.4763,0.265,1.03,1.5,,,,,,,,,,
51858,2021,2022-03-05,2411,Barclays Premier League,Wolverhampton,Crystal Palace,72.32,63.03,0.5072,0.2218,0.271,1.47,0.87,,,,,,,,,,
51859,2021,2022-03-05,2411,Barclays Premier League,Tottenham Hotspur,Everton,78.74,75.0,0.4792,0.271,0.2497,1.65,1.18,,,,,,,,,,
51861,2021,2022-03-05,2411,Barclays Premier League,Norwich City,Brentford,59.99,65.34,0.3607,0.3484,0.2909,1.16,1.13,,,,,,,,,,
51862,2021,2022-03-05,2411,Barclays Premier League,Burnley,Chelsea,63.65,89.12,0.1508,0.6351,0.2141,0.84,1.98,,,,,,,,,,
51867,2021,2022-03-05,2411,Barclays Premier League,Leicester City,Leeds United,74.87,70.79,0.4692,0.2824,0.2484,1.65,1.23,,,,,,,,,,
51877,2021,2022-03-05,2411,Barclays Premier League,Manchester City,Manchester United,93.26,85.21,0.5848,0.1923,0.2229,1.94,1.02,,,,,,,,,,
51878,2021,2022-03-05,2411,Barclays Premier League,Newcastle,Brighton and Hove Albion,62.86,73.85,0.3212,0.4158,0.263,1.24,1.45,,,,,,,,,,
51881,2021,2022-03-05,2411,Barclays Premier League,Aston Villa,Southampton,71.28,66.47,0.4759,0.2747,0.2494,1.65,1.19,,,,,,,,,,
52082,2021,2022-03-12,2411,Barclays Premier League,Brighton and Hove Albion,Liverpool,73.85,89.26,0.2131,0.5511,0.2358,1.03,1.81,,,,,,,,,,
52086,2021,2022-03-12,2411,Barclays Premier League,Everton,Wolverhampton,75.0,72.32,0.454,0.2697,0.2763,1.39,1.01,,,,,,,,,,
52090,2021,2022-03-12,2411,Barclays Premier League,West Ham United,Aston Villa,74.47,71.28,0.475,0.2855,0.2395,1.75,1.31,,,,,,,,,,
52092,2021,2022-03-12,2411,Barclays Premier League,Leeds United,Norwich City,70.79,59.99,0.5513,0.2047,0.244,1.72,0.94,,,,,,,,,,
52093,2021,2022-03-12,2411,Barclays Premier League,Brentford,Burnley,65.34,63.65,0.4222,0.3005,0.2773,1.35,1.09,,,,,,,,,,
52097,2021,2022-03-12,2411,Barclays Premier League,Crystal Palace,Manchester City,63.03,93.26,0.0943,0.7399,0.1657,0.73,2.4,,,,,,,,,,
52099,2021,2022-03-12,2411,Barclays Premier League,Manchester United,Tottenham Hotspur,85.21,78.74,0.516,0.2471,0.237,1.8,1.18,,,,,,,,,,
52103,2021,2022-03-12,2411,Barclays Premier League,Chelsea,Newcastle,89.12,62.86,0.7417,0.0901,0.1682,2.33,0.68,,,,,,,,,,
52106,2021,2022-03-12,2411,Barclays Premier League,Arsenal,Leicester City,75.8,74.87,0.43,0.3101,0.2599,1.5,1.23,,,,,,,,,,
52110,2021,2022-03-12,2411,Barclays Premier League,Southampton,Watford,66.47,60.91,0.4916,0.2479,0.2604,1.55,1.02,,,,,,,,,,
52307,2021,2022-03-19,2411,Barclays Premier League,Tottenham Hotspur,West Ham United,78.74,74.47,0.4791,0.2872,0.2337,1.83,1.37,,,,,,,,,,
52310,2021,2022-03-19,2411,Barclays Premier League,Aston Villa,Arsenal,71.28,75.8,0.3729,0.3651,0.262,1.38,1.36,,,,,,,,,,
52318,2021,2022-03-19,2411,Barclays Premier League,Burnley,Southampton,63.65,66.47,0.3878,0.3513,0.2609,1.42,1.34,,,,,,,,,,
52321,2021,2022-03-19,2411,Barclays Premier League,Liverpool,Manchester United,89.26,85.21,0.5012,0.2605,0.2382,1.78,1.22,,,,,,,,,,
52322,2021,2022-03-19,2411,Barclays Premier League,Wolverhampton,Leeds United,72.32,70.79,0.4191,0.311,0.2699,1.4,1.17,,,,,,,,,,
52323,2021,2022-03-19,2411,Barclays Premier League,Watford,Everton,60.91,75.0,0.2676,0.4629,0.2695,1.04,1.45,,,,,,,,,,
52324,2021,2022-03-19,2411,Barclays Premier League,Newcastle,Crystal Palace,62.86,63.03,0.435,0.3051,0.2599,1.5,1.22,,,,,,,,,,
52326,2021,2022-03-19,2411,Barclays Premier League,Norwich City,Chelsea,59.99,89.12,0.1246,0.6687,0.2067,0.72,1.99,,,,,,,,,,
52328,2021,2022-03-19,2411,Barclays Premier League,Manchester City,Brighton and Hove Albion,93.26,73.85,0.7291,0.0928,0.178,2.21,0.64,,,,,,,,,,
52329,2021,2022-03-19,2411,Barclays Premier League,Leicester City,Brentford,74.87,65.34,0.5375,0.2095,0.253,1.63,0.91,,,,,,,,,,
52536,2021,2022-04-02,2411,Barclays Premier League,Chelsea,Brentford,89.12,65.34,0.7211,0.088,0.1909,2.04,0.55,,,,,,,,,,
52539,2021,2022-04-02,2411,Barclays Premier League,Liverpool,Watford,89.26,60.91,0.7818,0.0684,0.1498,2.45,0.58,,,,,,,,,,
52540,2021,2022-04-02,2411,Barclays Premier League,Crystal Palace,Arsenal,63.03,75.8,0.2812,0.4539,0.2649,1.11,1.48,,,,,,,,,,
52557,2021,2022-04-02,2411,Barclays Premier League,West Ham United,Everton,74.47,75.0,0.433,0.3177,0.2493,1.6,1.34,,,,,,,,,,
52577,2021,2022-04-02,2411,Barclays Premier League,Burnley,Manchester City,63.65,93.26,0.0991,0.7363,0.1646,0.78,2.45,,,,,,,,,,
52579,2021,2022-04-02,2411,Barclays Premier League,Manchester United,Leicester City,85.21,74.87,0.5664,0.203,0.2307,1.86,1.02,,,,,,,,,,
52580,2021,2022-04-02,2411,Barclays Premier League,Tottenham Hotspur,Newcastle,78.74,62.86,0.6125,0.1781,0.2095,2.09,1.04,,,,,,,,,,
52582,2021,2022-04-02,2411,Barclays Premier League,Brighton and Hove Albion,Norwich City,73.85,59.99,0.5625,0.1814,0.2561,1.59,0.78,,,,,,,,,,
52585,2021,2022-04-02,2411,Barclays Premier League,Wolverhampton,Aston Villa,72.32,71.28,0.4151,0.3108,0.2741,1.36,1.14,,,,,,,,,,
52586,2021,2022-04-02,2411,Barclays Premier League,Leeds United,Southampton,70.79,66.47,0.4747,0.2789,0.2464,1.68,1.23,,,,,,,,,,
52771,2021,2022-04-09,2411,Barclays Premier League,Southampton,Chelsea,66.47,89.12,0.1723,0.6075,0.2202,0.93,1.94,,,,,,,,,,
52779,2021,2022-04-09,2411,Barclays Premier League,Brentford,West Ham United,65.34,74.47,0.3028,0.4412,0.2561,1.24,1.55,,,,,,,,,,
52781,2021,2022-04-09,2411,Barclays Premier League,Arsenal,Brighton and Hove Albion,75.8,73.85,0.447,0.2816,0.2714,1.42,1.07,,,,,,,,,,
52784,2021,2022-04-09,2411,Barclays Premier League,Everton,Manchester United,75.0,85.21,0.2875,0.4573,0.2552,1.2,1.57,,,,,,,,,,
52787,2021,2022-04-09,2411,Barclays Premier League,Aston Villa,Tottenham Hotspur,71.28,78.74,0.3333,0.4169,0.2498,1.38,1.57,,,,,,,,,,
52788,2021,2022-04-09,2411,Barclays Premier League,Norwich City,Burnley,59.99,63.65,0.371,0.352,0.277,1.26,1.22,,,,,,,,,,
52790,2021,2022-04-09,2411,Barclays Premier League,Manchester City,Liverpool,93.26,89.26,0.5134,0.2522,0.2344,1.83,1.22,,,,,,,,,,
52792,2021,2022-04-09,2411,Barclays Premier League,Newcastle,Wolverhampton,62.86,72.32,0.3397,0.3921,0.2683,1.25,1.37,,,,,,,,,,
52793,2021,2022-04-09,2411,Barclays Premier League,Watford,Leeds United,60.91,70.79,0.3042,0.431,0.2648,1.18,1.46,,,,,,,,,,
52796,2021,2022-04-09,2411,Barclays Premier League,Leicester City,Crystal Palace,74.87,63.03,0.56,0.1979,0.2421,1.73,0.92,,,,,,,,,,
52965,2021,2022-04-16,2411,Barclays Premier League,West Ham United,Burnley,74.47,63.65,0.5628,0.2113,0.2259,1.92,1.09,,,,,,,,,,
52966,2021,2022-04-16,2411,Barclays Premier League,Southampton,Arsenal,66.47,75.8,0.3247,0.4171,0.2582,1.29,1.49,,,,,,,,,,
52967,2021,2022-04-16,2411,Barclays Premier League,Aston Villa,Liverpool,71.28,89.26,0.1987,0.5846,0.2168,1.1,2.03,,,,,,,,,,
52968,2021,2022-04-16,2411,Barclays Premier League,Manchester United,Norwich City,85.21,59.99,0.7248,0.0938,0.1815,2.17,0.63,,,,,,,,,,
52969,2021,2022-04-16,2411,Barclays Premier League,Newcastle,Leicester City,62.86,74.87,0.3028,0.4501,0.247,1.31,1.65,,,,,,,,,,
52970,2021,2022-04-16,2411,Barclays Premier League,Everton,Crystal Palace,75.0,63.03,0.5536,0.1974,0.249,1.66,0.88,,,,,,,,,,
52971,2021,2022-04-16,2411,Barclays Premier League,Leeds United,Chelsea,70.79,89.12,0.206,0.561,0.233,1.02,1.83,,,,,,,,,,
52972,2021,2022-04-16,2411,Barclays Premier League,Wolverhampton,Manchester City,72.32,93.26,0.1443,0.6451,0.2106,0.82,2.0,,,,,,,,,,
52973,2021,2022-04-16,2411,Barclays Premier League,Tottenham Hotspur,Brighton and Hove Albion,78.74,73.85,0.4958,0.2506,0.2535,1.62,1.07,,,,,,,,,,
52974,2021,2022-04-16,2411,Barclays Premier League,Watford,Brentford,60.91,65.34,0.3683,0.3396,0.2921,1.16,1.11,,,,,,,,,,
53164,2021,2022-04-23,2411,Barclays Premier League,Crystal Palace,Leeds United,63.03,70.79,0.3288,0.4083,0.2629,1.26,1.44,,,,,,,,,,
53167,2021,2022-04-23,2411,Barclays Premier League,Liverpool,Everton,89.26,75.0,0.6424,0.1512,0.2064,2.07,0.89,,,,,,,,,,
53170,2021,2022-04-23,2411,Barclays Premier League,Manchester City,Watford,93.26,60.91,0.8387,0.0418,0.1196,2.65,0.44,,,,,,,,,,
53172,2021,2022-04-23,2411,Barclays Premier League,Norwich City,Newcastle,59.99,62.86,0.373,0.3609,0.2661,1.35,1.32,,,,,,,,,,
53174,2021,2022-04-23,2411,Barclays Premier League,Brighton and Hove Albion,Southampton,73.85,66.47,0.4891,0.2513,0.2596,1.56,1.04,,,,,,,,,,
53175,2021,2022-04-23,2411,Barclays Premier League,Brentford,Tottenham Hotspur,65.34,78.74,0.2612,0.4836,0.2552,1.1,1.59,,,,,,,,,,
53176,2021,2022-04-23,2411,Barclays Premier League,Leicester City,Aston Villa,74.87,71.28,0.4651,0.2827,0.2523,1.61,1.2,,,,,,,,,,
53178,2021,2022-04-23,2411,Barclays Premier League,Burnley,Wolverhampton,63.65,72.32,0.3361,0.3844,0.2795,1.17,1.27,,,,,,,,,,
53182,2021,2022-04-23,2411,Barclays Premier League,Chelsea,West Ham United,89.12,74.47,0.6245,0.1644,0.2111,2.04,0.94,,,,,,,,,,
53183,2021,2022-04-23,2411,Barclays Premier League,Arsenal,Manchester United,75.8,85.21,0.2976,0.4477,0.2547,1.23,1.57,,,,,,,,,,
53343,2021,2022-04-30,2411,Barclays Premier League,Tottenham Hotspur,Leicester City,78.74,74.87,0.4787,0.2767,0.2446,1.7,1.24,,,,,,,,,,
53346,2021,2022-04-30,2411,Barclays Premier League,Leeds United,Manchester City,70.79,93.26,0.142,0.6689,0.1891,0.95,2.28,,,,,,,,,,
53351,2021,2022-04-30,2411,Barclays Premier League,Aston Villa,Norwich City,71.28,59.99,0.5518,0.2011,0.247,1.68,0.91,,,,,,,,,,
53353,2021,2022-04-30,2411,Barclays Premier League,Manchester United,Brentford,85.21,65.34,0.6743,0.1202,0.2055,1.99,0.7,,,,,,,,,,
53360,2021,2022-04-30,2411,Barclays Premier League,Southampton,Crystal Palace,66.47,63.03,0.467,0.2725,0.2605,1.53,1.11,,,,,,,,,,
53363,2021,2022-04-30,2411,Barclays Premier League,Watford,Burnley,60.91,63.65,0.3788,0.3431,0.278,1.27,1.2,,,,,,,,,,
53367,2021,2022-04-30,2411,Barclays Premier League,Everton,Chelsea,75.0,89.12,0.2367,0.5089,0.2544,1.02,1.61,,,,,,,,,,
53369,2021,2022-04-30,2411,Barclays Premier League,West Ham United,Arsenal,74.47,75.8,0.4222,0.3296,0.2482,1.6,1.38,,,,,,,,,,
53370,2021,2022-04-30,2411,Barclays Premier League,Newcastle,Liverpool,62.86,89.26,0.1415,0.6757,0.1828,1.0,2.38,,,,,,,,,,
53372,2021,2022-04-30,2411,Barclays Premier League,Wolverhampton,Brighton and Hove Albion,72.32,73.85,0.3916,0.3177,0.2907,1.21,1.06,,,,,,,,,,
53533,2021,2022-05-07,2411,Barclays Premier League,Arsenal,Leeds United,75.8,70.79,0.4762,0.273,0.2509,1.63,1.18,,,,,,,,,,
53534,2021,2022-05-07,2411,Barclays Premier League,Brighton and Hove Albion,Manchester United,73.85,85.21,0.27,0.4702,0.2598,1.1,1.54,,,,,,,,,,
53535,2021,2022-05-07,2411,Barclays Premier League,Leicester City,Everton,74.87,75.0,0.4239,0.3137,0.2624,1.47,1.23,,,,,,,,,,
53548,2021,2022-05-07,2411,Barclays Premier League,Chelsea,Wolverhampton,89.12,72.32,0.6509,0.126,0.2231,1.83,0.65,,,,,,,,,,
53549,2021,2022-05-07,2411,Barclays Premier League,Burnley,Aston Villa,63.65,71.28,0.3383,0.4007,0.261,1.3,1.44,,,,,,,,,,
53550,2021,2022-05-07,2411,Barclays Premier League,Norwich City,West Ham United,59.99,74.47,0.2563,0.4991,0.2445,1.16,1.71,,,,,,,,,,
53551,2021,2022-05-07,2411,Barclays Premier League,Brentford,Southampton,65.34,66.47,0.3907,0.3362,0.2732,1.33,1.21,,,,,,,,,,
53552,2021,2022-05-07,2411,Barclays Premier League,Liverpool,Tottenham Hotspur,89.26,78.74,0.5947,0.1923,0.2131,2.07,1.09,,,,,,,,,,
53553,2021,2022-05-07,2411,Barclays Premier League,Manchester City,Newcastle,93.26,62.86,0.8248,0.0549,0.1203,2.83,0.61,,,,,,,,,,
53554,2021,2022-05-07,2411,Barclays Premier League,Crystal Palace,Watford,63.03,60.91,0.4393,0.28,0.2808,1.35,1.02,,,,,,,,,,
53759,2021,2022-05-15,2411,Barclays Premier League,Manchester United,Chelsea,85.21,89.12,0.3618,0.3729,0.2653,1.33,1.35,,,,,,,,,,
53760,2021,2022-05-15,2411,Barclays Premier League,Newcastle,Arsenal,62.86,75.8,0.2949,0.4554,0.2497,1.26,1.62,,,,,,,,,,
53761,2021,2022-05-15,2411,Barclays Premier League,Wolverhampton,Norwich City,72.32,59.99,0.5397,0.1942,0.2661,1.51,0.79,,,,,,,,,,
53762,2021,2022-05-15,2411,Barclays Premier League,Everton,Brentford,75.0,65.34,0.5312,0.2087,0.2601,1.56,0.88,,,,,,,,,,
53763,2021,2022-05-15,2411,Barclays Premier League,West Ham United,Manchester City,74.47,93.26,0.1717,0.631,0.1973,1.1,2.25,,,,,,,,,,
53764,2021,2022-05-15,2411,Barclays Premier League,Aston Villa,Crystal Palace,71.28,63.03,0.5183,0.2294,0.2523,1.64,1.0,,,,,,,,,,
53765,2021,2022-05-15,2411,Barclays Premier League,Watford,Leicester City,60.91,74.87,0.266,0.4718,0.2622,1.08,1.52,,,,,,,,,,
53766,2021,2022-05-15,2411,Barclays Premier League,Southampton,Liverpool,66.47,89.26,0.1631,0.638,0.199,1.02,2.2,,,,,,,,,,
53767,2021,2022-05-15,2411,Barclays Premier League,Tottenham Hotspur,Burnley,78.74,63.65,0.6076,0.1744,0.218,1.98,0.95,,,,,,,,,,
53768,2021,2022-05-15,2411,Barclays Premier League,Leeds United,Brighton and Hove Albion,70.79,73.85,0.3985,0.334,0.2675,1.38,1.24,,,,,,,,,,
53855,2021,2022-05-22,2411,Barclays Premier League,Manchester City,Aston Villa,93.26,71.28,0.7547,0.0865,0.1588,2.45,0.7,,,,,,,,,,
53856,2021,2022-05-22,2411,Barclays Premier League,Burnley,Newcastle,63.65,62.86,0.4226,0.3224,0.255,1.53,1.31,,,,,,,,,,
53857,2021,2022-05-22,2411,Barclays Premier League,Crystal Palace,Manchester United,63.03,85.21,0.1812,0.5924,0.2265,0.94,1.89,,,,,,,,,,
53858,2021,2022-05-22,2411,Barclays Premier League,Brentford,Leeds United,65.34,70.79,0.3452,0.3846,0.2702,1.25,1.34,,,,,,,,,,
53859,2021,2022-05-22,2411,Barclays Premier League,Chelsea,Watford,89.12,60.91,0.7602,0.0699,0.1699,2.18,0.5,,,,,,,,,,
53860,2021,2022-05-22,2411,Barclays Premier League,Arsenal,Everton,75.8,75.0,0.4307,0.3036,0.2657,1.45,1.17,,,,,,,,,,
53861,2021,2022-05-22,2411,Barclays Premier League,Norwich City,Tottenham Hotspur,59.99,78.74,0.2185,0.5415,0.24,1.03,1.76,,,,,,,,,,
53862,2021,2022-05-22,2411,Barclays Premier League,Leicester City,Southampton,74.87,66.47,0.5184,0.2395,0.242,1.74,1.11,,,,,,,,,,
53863,2021,2022-05-22,2411,Barclays Premier League,Liverpool,Wolverhampton,89.26,72.32,0.6739,0.1245,0.2016,2.05,0.75,,,,,,,,,,
53864,2021,2022-05-22,2411,Barclays Premier League,Brighton and Hove Albion,West Ham United,73.85,74.47,0.3961,0.3457,0.2582,1.46,1.34,,,,,,,,,,
